098120,00568188,마이크로컨텍솔
009520,00128111,포스코엠텍
058820,00380429,CMG제약
050120,00175623,ES큐브
024120,00157539,KB오토시스
044180,00111218,KD
086960,00445841,MDS테크
950110,00938688,SBI핀테크솔루션즈
079940,00506294,가비아
078890,00441304,가온미디어
399720,01364747,가온칩스
036620,00261009,감성코퍼레이션
217730,01025644,강스템바이오텍
114190,00100601,강원에너지
094480,00587457,갤럭시아머니트리
039240,00206039,경남스틸
053950,00307028,경남제약
011040,00101549,경동제약
024910,00102353,경창산업
198440,01032583,고려시멘트
049720,00336297,고려신용정보
014570,00103015,고려제약
348150,01399071,고바이오랩
098460,00579999,고영
035290,00249502,골드앤에스
038530,00255105,골드퍼시픽
215000,01067516,골프존
121440,00674498,골프존뉴딘홀딩스
366030,01307335,공구우먼
014200,01381939,광림
029480,00186452,광무
026910,00104120,광진실업
355150,01476219,교보10호기업인수목적
397880,01582228,교보11호스팩
421800,01620713,교보12호스팩
440790,01677678,교보13호스팩
053270,00202060,구영테크
066620,00253985,국보디자인
043650,00256715,국순당
006050,00104537,국영지앤엠
060480,00203847,국일신동
078130,00104573,국일제지
307750,01329957,국전약품
035080,00244561,그래디언트
900290,01170962,GRT
204020,00671978,그리티
186230,00602279,그린플러스
083450,00540863,GST
900070,00783246,글로벌에스엠
204620,01042711,글로벌텍스프리
019660,00159731,글로본
053260,00105475,금강철강
036190,00176516,금화피에스시
049080,00377018,기가레인
035460,00258421,기산텔레콤
308100,01181807,까스텔바작
187790,00994994,나노
286750,01136001,나노브릭
121600,00439965,나노신소재
247660,00660459,나노씨엠에스
039860,00230425,나노엔텍
091970,00542074,나노캠텍
051490,00297095,나라엠앤디
137080,00362122,나래나노텍
190510,00819374,나무가
242040,01136348,나무기술
089600,00486097,나스미디어
293580,00651017,나우IB
138610,00767628,나이벡
130580,00606293,나이스디앤비
036800,00264945,나이스정보통신
030190,00158325,NICE평가정보
267320,01208849,나인테크
111710,00245694,남화산업
091590,00108001,남화토건
168330,00923792,내츄럴엔도텍
094860,00599106,네오리진
253590,01170865,네오셈
212560,00876865,네오오토
095660,00628860,네오위즈
042420,00266952,네오위즈홀딩스
950220,01511558,네오이뮨텍
311390,01219155,네오크레마
085910,00447928,네오티스
092730,00551920,네오팜
290660,01246034,네오펙트
306620,01325429,네온테크
153460,00842585,네이블커뮤니케이션즈
007390,00117276,네이처셀
033640,00227333,네패스
330860,01368354,네패스아크
089140,00416414,넥스턴바이오
137940,00614593,넥스트아이
160550,00974927,NEW
396270,01515864,넥스트칩
348210,01080252,넥스틴
225570,01096341,넥슨게임즈
217270,01067808,넵튠
104620,00632845,노랑풍선
194700,00811372,노바렉스
285490,01259232,노바텍
106520,00536329,노블엠앤비
376930,01494118,노을
278650,01189438,노터스
142280,00513948,녹십자엠에스
234690,01135057,녹십자웰빙
065560,00393469,녹원씨엔아이
154030,00867478,아시아종묘
054050,00176835,농우바이오
069140,00410997,누리플랜
040160,00269889,누리플렉스
332290,01394669,누보
348340,01336461,뉴로메카
060260,00351375,뉴보텍
012340,00105040,뉴인텍
214870,00820389,뉴지랩파마
270870,01214248,뉴트리
144960,00521390,뉴파워프라즈마
085670,00493510,뉴프렉스
064260,00389970,다날
093640,00536888,다믈멀티미디어
340360,01416642,다보링크
039560,00268251,다산네트웍스
298870,00682992,다올인베스트먼트
032190,00238782,다우데이타
068240,00523307,다원시스
020400,00191287,대동금속
008830,00109310,대동기어
048470,00109268,대동스틸
004780,00109587,대륙제관
017650,00109781,대림제지
007720,00104810,대명소노시즌
389260,01150515,대명에너지
317850,00450995,대모
290670,01259418,대보마그네틱
078140,00442826,대봉엘에스
036480,00177320,대성미생물
025440,00110583,대성엘텍
027830,00109037,대성창투
104040,00442905,대성파인텍
129920,00577335,대성하이텍
387310,01567520,대신밸런스제10호스팩
397500,01580178,대신밸런스제11호스팩
426670,01631658,대신밸런스제12호스팩
438220,01675014,대신밸런스제13호스팩
442310,01696451,대신밸런스제14호스팩
020180,00110875,대신정보통신
045390,00318316,대아티아이
108380,00111193,대양전기공업
006580,00111227,대양제지
007680,00111838,대원
048910,00351807,대원미디어
005710,00872063,대원산업
290380,00384948,대유
290120,01182578,대유에이피
120240,00250997,대정화금
003310,00112457,대주산업
078600,00177816,대주전자재료
096350,00177870,대창솔루션
140520,00112721,대창스틸
131220,00608316,대한과학
010170,00113261,대한광통신
060900,00367695,대한그린파워
054670,00207375,대한뉴팜
023910,00113128,대한약품
021040,00166175,대호특수강
067080,00210740,대화제약
161570,00945208,THE MIDONG
298540,01214743,더네이쳐홀딩스
393890,01291317,더블유씨피
299170,01318261,더블유에스아이
089230,00519252,THE E&M
224060,00530413,더코디
213420,01061558,덕산네오룩스
317330,01021666,덕산테코피아
077360,00471068,덕산하이메탈
090410,00454937,덕신하우징
263600,00571298,덕우전자
194480,01008762,데브시스터즈
263800,00877819,데이타솔루션
206560,01021949,덱스터
261200,01187494,덴티스
067990,00449379,도이치모터스
006620,00114686,동구바이오제약
005160,00172680,동국산업
075970,00472890,동국알앤에스
100130,00415594,동국S&C
086450,00114808,동국제약
099410,00526678,동방선기
033500,00231105,동성화인텍
025950,00116408,동신건설
088130,00489243,동아엘텍
041930,00199988,동아화성
060380,00178851,동양에스텍
079960,00178790,동양이엔피
228340,00993931,동양파일
088910,00228712,동우팜투테이블
094170,00695969,동운아나텍
013120,00117966,동원개발
109860,01695416,동일금속
032960,00199076,동일기연
023790,00172945,동일철강
005290,00118804,동진쎄미켐
025900,00173032,동화기업
131970,00563545,두산테스나
073190,00407771,듀오백
030350,00230036,드래곤플라이
203650,01038693,드림시큐리티
223250,00916826,드림씨아이에스
060570,00364467,드림어스컴퍼니
217620,01068658,디딤이앤에프
016670,00125725,디모아
187870,00624509,디바이스이엔지
404950,01591262,디비금융스팩10호
367340,01505450,DB금융스팩8호
367360,01505469,DB금융스팩9호
066670,00371740,디스플레이텍
110990,00576798,디아이티
078590,00230814,디아크
263690,00966168,디알젬
214680,01062867,디알텍
263720,01186404,디앤씨미디어
376300,01456011,디어유
241520,01109715,DSC인베스트먼트
141020,00812362,디에스앤엘
109740,00604277,디에스케이
196490,00660121,디에이테크놀로지
066900,00303192,디에이피
180400,00995993,디엑스앤브이엑스
127120,00642541,디엔에이링크
092070,00569691,디엔에프
068790,00361594,DMS
039840,00115931,디오
219550,01089378,디와이디
310870,01336443,디와이씨
104460,00602136,디와이피엔에프
079810,00445160,디이엔티
113810,00576789,디젠스
043360,00295547,디지아이
197140,00681373,디지캡
068930,00398808,디지털대성
033130,00231442,디지틀조선
105740,00533003,디케이락
263020,00892526,디케이앤디
290550,01381814,디케이티
187220,00675594,디티앤씨
383930,01437432,디티앤씨알오
131180,00629212,딜리
315640,01344831,딥노이드
317120,01327092,라닉스
042510,00255433,라온시큐어
232680,00911229,라온테크
300120,01251489,라온피플
171120,00317104,라이온켐텍
069540,00367482,라이트론
347700,01336762,라이프시맨틱스
214260,01058101,라파스
200350,00990819,래몽래인
171010,00654272,램테크놀러지
084650,00545114,랩지노믹스
217500,01068348,러셀
141080,00842619,레고켐바이오
038390,00261355,레드캡투어
294140,01011395,레몬
228670,00828761,레이
228850,00899459,레이언스
412350,01573381,레이저쎌
281740,01255652,레이크머티리얼즈
277810,01261644,레인보우로보틱스
215100,01063990,로보로보
090360,00536523,로보스타
108490,00946030,로보티즈
900260,01139266,로스웰
067730,00238199,로지시스
071280,00363486,로체시스템즈
328130,01397620,루닛
038060,00406329,루멘스
085370,00549925,루트로닉
060240,00373571,룽투코리아
058470,00369657,리노공업
039980,00369213,리노스
019570,00110750,리더스 기술투자
016100,00180263,리더스코스메틱
012700,00117708,리드코프
302550,01275665,리메드
377450,01210066,리파인
277070,00616962,린드먼아시아
042500,00352499,링네트
219420,01109955,링크제니시스
195500,00770312,마니커에프앤지
305090,01267967,마이크로디지탈
147760,00654175,마이크로프랜드
377480,01297898,마인즈랩
169330,00877174,엠브레인
038290,00261373,마크로젠
267980,01234507,매일유업
005990,00120924,매일홀딩스
093520,00596677,매커스
377030,01409095,맥스트
100590,00364740,머큐리
067280,00425351,멀티캠퍼스
072870,00422284,메가스터디
215200,01074862,메가스터디교육
133750,00807555,메가엠디
235980,01336373,메드팩토
041920,00273439,메디아나
014100,00267854,메디앙스
054180,00356839,메디콕스
086900,00580199,메디톡스
078160,00453929,메디포스트
065650,00391197,메디프론
021880,00136101,메이슨캐피탈
140410,00808022,메지온
241770,00652007,메카로
059210,00317681,메타바이오메드
058110,00270113,멕아이씨에스
096640,00609315,멜파스
257370,01144569,명성티엔에스
080420,00480048,모다이노칩
417970,00657783,모델솔루션
080160,00456218,모두투어
087260,00556615,모바일어플라이언스
101330,00498001,모베이스
012860,00137234,모베이스전자
363260,01493535,모비데이즈
348030,01210190,모비릭스
250060,01165155,모비스
288980,01423837,모아데이타
033200,00241209,모아텍
333050,01407158,모코엠시스
118990,00876908,모트렉스
006920,00163318,모헨즈
001810,00121507,무림SP
279600,01190124,미디어젠
095500,00526836,미래나노텍
218150,01071944,미래생명자원
353490,01450105,미래에셋대우스팩 5호
100790,00340096,미래에셋벤처투자
412930,01601286,미래에셋비전스팩1호
049950,00447760,미래컴퍼니
207760,01047840,미스터블루
059090,00366942,미코
214610,01049167,미코바이오메드
201490,00965813,미투온
950190,01416235,미투젠
206640,01046708,바디텍메드
018700,00122205,바른손
035620,00259590,바른손이앤에이
053030,00216027,바이넥스
301300,00403793,바이브컴퍼니
064550,00326731,바이오니아
314930,01117413,바이오다인
208710,01047707,바이오로그디바이스
086820,00560982,바이오솔루션
038460,00240857,바이오스마트
251120,01160974,바이오에프디엔씨
086040,00447502,바이오톡스텍
099430,00636656,바이오플러스
032980,00232089,바이온
222160,01037542,바이옵트로
308080,01335790,바이젠셀
043150,00264255,바텍
323990,01335851,박셀바이오
267790,01182240,배럴
046310,00360036,백금T&A
331520,01398151,밸로프
066410,00378220,버킷스튜디오
382900,01435489,범한퓨얼셀
206400,01043853,베노홀딩스
019010,00267906,베뉴지
177350,00813389,베셀
299910,01259056,베스파
225530,00568461,보광산업
250000,01124680,보라티알
310210,01327746,보로노이
006910,00267881,보성파워텍
226340,01098792,본느
008470,00124276,부스타
014470,00243067,부방
338220,01344202,뷰노
100120,00609324,뷰웍스
337930,01391103,브랜드엑스코퍼레이션
099390,00642897,브레인즈컴퍼니
064480,00359076,브리지텍
288330,01227039,브릿지바이오
365900,01354740,브이씨
251630,01027794,브이원텍
018290,00150165,브이티지엠피
044480,00173449,블루베리 NFT
033560,00238001,블루콤
369370,01508855,블리츠웨이
126340,00563518,비나텍
121800,00693651,비덴트
148140,00610490,비디아이
082800,00533191,비보존 제약
318410,01153105,비비씨
419540,01506848,비스토스
146320,01301623,비씨엔씨
200780,00256043,비씨월드제약
141000,00610083,비아트론
090460,00447609,비에이치
083650,00409788,비에이치아이
032790,00110884,비엔지티
142760,00587925,비엘
065170,00384717,비엘팜텍
086670,00524786,비엠티
335890,01406618,비올
138580,01014657,비즈니스온
082920,00154718,비츠로셀
054220,00201432,비츠로시스
042370,00103644,비츠로테크
050090,00369569,비케이홀딩스
307870,01326792,비투엔
357880,01381984,비트나인
032850,00231707,비트컴퓨터
148780,00980043,비플라이소프트
238200,01109070,비피도
093190,00478900,빅솔론
065450,00385363,빅텍
072950,00359261,빛샘전자
143240,00857480,사람인에이치알
419120,01516368,산돌
100090,00480367,삼강엠앤티
122350,00799177,삼기
014970,00125488,삼륭물산
018310,00125646,삼목에스폼
053700,00351092,삼보모터스
009620,00473288,삼보산업
023600,00125938,삼보판지
377630,01528530,삼성스팩4호
425290,01624162,삼성스팩6호
439250,01675227,삼성스팩7호
380320,01534522,삼성머스트스팩5호
009300,00126788,삼아제약
225190,00992543,삼양옵틱스
060310,00378363,3S
361670,00405506,삼영에스앤씨
054540,00250614,삼영엠텍
065570,00288343,삼영이엔씨
032280,00127909,삼일
002290,00127936,삼일기업공사
037460,00128315,삼지전자
032750,00173351,삼진
054090,00239514,삼진엘앤디
000250,00128546,삼천당제약
024950,00128607,삼천리자전거
038500,00239639,삼표시멘트
017480,00128926,삼현철강
046390,00301112,삼화네트웍스
027580,00129615,상보
038540,00306162,상상인
101000,00618410,상상인인더스트리
415580,01604371,상상인제3호스팩
091580,00480783,상신이디피
263810,00760999,상신전자
089980,00181299,상아프론테크
042940,00232007,상지카일룸
042600,00147994,새로닉스
107600,00862880,새빗켐
252990,01199727,샘씨엔에스
378800,01387164,샤페론
294630,00867973,서남
038070,00373447,서린바이오
006730,00130383,서부T&D
079650,00130408,서산
100660,00166528,서암기계공업
019770,00153278,서연탑메탈
043710,00305570,서울리거
092190,00488402,서울바이오시스
046890,00130763,서울반도체
063170,00410915,서울옥션
027040,00130587,서울전자통신
018680,00131018,서울제약
093920,00445799,서원인텍
189860,00869272,서전기전
178320,00838005,서진시스템
122690,00800145,서진오토모티브
140070,00599285,서플러스글로벌
011370,00131504,서한
065710,00220622,서호전기
035890,00219848,서희건설
357550,00921916,석경에이티
003100,00131896,선광
067370,00407036,선바이오
171090,00327819,선익시스템
086710,00132202,선진뷰티사이언스
014620,00132318,성광벤드
037350,00216498,성도이엔지
081580,00364306,성우전자
045300,00350482,성우테크론
015750,00132992,성우하이텍
365340,01274329,성일하이텍
080470,00486370,성창오토텍
043260,00317210,성호전자
148150,00913689,세경하이테크
053060,00133663,세동
340440,01416572,세림B&G
017510,00133751,세명전기
011560,00133876,세보엠이씨
396300,00534701,세아메카닉스
100700,00362201,세운메디칼
024830,00173591,세원물산
258830,00959229,세종메디칼
036630,00268002,세종텔레콤
039310,01013551,세중
067770,00406727,세진티에스
053450,00351630,세코닉스
222810,01091382,세토피아
252500,00453026,세화피앤씨
347000,01023318,센코
331920,01114586,셀레믹스
049180,00310156,셀루메드
299660,01235296,셀리드
268600,01182444,셀리버리
108860,00666064,셀바스AI
208370,01047451,셀바스헬스케어
068760,00541349,셀트리온제약
091990,00554024,셀트리온헬스케어
068940,00308896,셀피글로벌
060230,00363510,소니드
290690,00605522,소룩스
950200,01442115,소마젠
032680,00204226,소프트센
258790,01182408,소프트캠프
066910,00306870,손오공
043100,00220109,솔고바이오
154040,00624518,솔루에타
035610,00249982,솔본
357780,01489648,솔브레인
036830,00247975,솔브레인홀딩스
304100,01050738,솔트룩스
328380,01390399,솔트웨어
086980,00303794,쇼박스
050960,00577016,수산아이앤티
253840,01063954,수젠텍
236200,01124653,슈프리마
317770,01231786,슈프리마아이디
094840,00599957,슈프리마에이치큐
192440,00917861,슈피겐코리아
136510,00763358,스마트솔루션즈
099440,00580056,스맥
033790,00276083,스카이문스테크놀로지
276040,01290248,스코넥
159910,00896753,스킨앤스킨
115570,00405959,스타플렉스
330730,01305249,스톤브릿지벤처스
204630,01046203,스튜디오산타클로스
253450,01168684,스튜디오드래곤
013810,00136165,스페코
049830,00135467,승일
020710,00170026,시공테크
033170,00158219,시그네틱스
048870,00475985,시너지이노베이션
025320,00203023,시노펙스
269620,01188378,시스웍
131090,00402110,시큐브
139050,00656021,시티랩스
290520,00961570,신도기연
001000,00135999,신라섬유
025870,00136004,신라에스지
215600,00919966,신라젠
065350,00136226,신성델타테크
002800,00136448,신신제약
344050,01419986,신영스팩6호
419270,01612608,신영스팩7호
430220,01656374,신영스팩8호
017000,00136925,신원종합개발
012790,00137058,신일제약
138070,00577380,신진에스엠
226330,01344336,신테카바이오
418210,01616482,신한제10호스팩
366330,01514528,신한제7호스팩
393360,01574760,신한제8호스팩
405640,01594764,신한제9호스팩
056700,00228350,신화인터텍
187270,00925189,신화콘텍
243840,00807379,신흥에스이씨
257720,00982023,실리콘투
222800,01095722,심텍
036710,00152127,심텍홀딩스
160980,00659161,싸이맥스
356890,01293953,싸이버원
217330,01046391,싸이토젠
010280,00138303,쌍용정보통신
208640,01049422,썸에이지
222420,01091054,쎄노텍
037760,00239596,쎄니트
099320,00449254,쎄트렉아이
049960,00357430,쎌바이오텍
050890,00364403,쏠리드
013720,00151605,CBI
066790,00249441,씨씨에스
222080,01090471,씨아이에스
352480,01226410,씨앤씨인터내셔널
023460,00149266,CNH
264660,00605328,씨앤지하이테크
352700,00875237,씨앤투스
056730,00318662,CNT85
065770,00303703,CS
297090,00765462,씨에스베어링
083660,00406037,CSA 코스믹
359090,01487446,씨엔알리서치
115530,00660033,씨엔플러스
115480,00681249,씨유메디칼
376290,00575106,씨유테크
189330,00991298,씨이랩
311690,01071041,CJ 바이오사이언스
035760,00265324,CJ ENM
051500,00127954,CJ프레시웨이
096530,00788773,씨젠
900120,00800084,씨케이에이치
101240,00520610,씨큐브
060590,00362292,씨티씨바이오
260930,01144028,씨티케이
013990,00138446,아가방컴퍼니
123860,00761952,아나패스
025980,00161781,아난티
058220,01541744,아리온
125210,00611912,아모그린텍
052710,00298447,아모텍
074430,00466428,아미노로직스
092040,00545734,아미코젠
083930,00442145,아바코
149950,00442048,아바텍
036010,00138598,아비코전자
050860,00138747,아세아텍
136410,00922304,아셈스
246720,01157235,아스타
067390,00409681,아스트
159010,00561732,아스플로
127710,00665676,아시아경제
227610,01080687,아우딘퓨쳐스
143160,00883980,아이디스
054800,00359580,아이디스홀딩스
332370,01213586,아이디피
339950,01414422,아이비김영
351340,01440481,IBKS제13호스팩
388790,01569102,IBKS제16호스팩
405350,01591606,IBKS제17호스팩
424760,01622331,IBKS제18호스팩
426550,01632851,IBKS제19호스팩
439730,01675421,IBKS제20호스팩
442770,01682740,IBKS제21호스팩
099190,00550994,아이센스
289010,00983934,아이스크림에듀
214430,00612489,아이쓰리시스템
040910,00298377,아이씨디
368600,01302853,아이씨에이치
052860,01296394,아이앤씨
095340,00572905,ISC
069920,00426068,아이에스이커머스
038880,00252269,아이에이
307180,01326279,아이엘사이언스
101390,00609634,아이엠
052220,00370006,iMBC
078860,00543204,아이오케이
090150,00365624,아이윈
123010,00615723,아이윈플러스
031310,00200910,아이즈비전
185490,00945457,아이진
059100,00407285,아이컴포넌트
262840,01146822,아이퀘스트
175250,00554352,아이큐어
052460,00405719,아이크래프트
119830,00626011,아이텍
052770,00346911,아이톡시
124500,00620868,아이티센
372800,01429840,아이티아이즈
099520,00627029,ITX-AI
084850,00579980,아이티엠반도체
114840,00692254,아이패밀리에스씨
027360,00156895,아주IB투자
032080,00201131,아즈텍WB
013310,00139083,아진산업
059120,00404288,아진엑스텍
158430,00595182,아톤
067160,00399694,아프리카TV
001540,00139205,안국약품
053800,00298270,안랩
065660,00631837,안트로젠
297570,01309795,알로이스
260660,00447007,알리코제약
361570,01303029,알비더블유
131370,00838962,알서포트
140670,00858124,알에스오토메이션
327260,01343665,RF머트리얼즈
096610,00516246,알에프세미
218410,01078178,RFHIC
061040,00309831,알에프텍
148250,00915508,알엔투테크놀로지
347860,01405451,알체라
196170,00989619,알테오젠
123750,00821607,알톤스포츠
085810,00364254,알티캐스트
117670,00605124,알파홀딩스
314140,01182259,알피바이오
291650,01265251,압타머사이언스
293780,01251595,압타바이오
196300,00808086,애니젠
310200,01335578,애니플러스
179530,01022902,애드바이오텍
900100,00781202,애머릿지
205500,01042429,액션스퀘어
052790,00348034,액토즈소프트
290740,01141942,액트로
238090,00942131,앤디포스
092600,00537337,앤씨앤
129890,01207716,앱코
174900,00991191,앱클론
255440,00875307,야스
030960,00139685,양지사
073570,00440712,어반리튬
102120,00591441,어보브반도체
263540,00971090,어스앤에어로스페이스
238120,01073678,얼라인드
019990,00169215,에너토크
270660,01201590,에브리봇
038680,00264635,에스넷
217480,01099667,에스디생명공학
121890,00604815,에스디시스템
099220,00574611,SDN
097780,00562360,에스맥
289080,00599151,SV인베스트먼트
151910,00653103,SBW생명과학
389500,00567897,에스비비테크
019550,00156910,SBI인베스트먼트
046140,00280688,SBS콘텐츠허브
042110,00171867,에스씨디
036120,00260745,SCI평가정보
298060,01110474,에스씨엠생명과학
065420,00120906,에스아이리소스
103230,00137012,에스앤더블류
260970,01685321,에스앤디
101490,00411048,에스앤에스텍
095910,00585538,에스에너지
275630,01250374,에스에스알
419530,01082418,SAMG엔터
031330,00128661,에스에이엠티
060540,00379229,에스에이티
351320,01440153,에스에이티이엔지
056190,00358271,에스에프에이
036540,00301246,SFA반도체
080000,00455981,에스엔유
091340,00580667,S&K폴리텍
214310,00957568,에스엘바이오닉스
063440,00367604,SM Life Design
041510,00260930,에스엠
048550,00185046,SM C&C
007820,00137915,에스엠코어
109610,00535481,에스와이
306040,01222432,에스제이그룹
016250,00141246,SGC이테크건설
049470,00351579,SGA
184230,00988364,SGA솔루션즈
040610,00264714,SG&G
255220,00963976,SG
408920,01596656,에스케이증권7호스팩
435870,01671197,SK증권제8호스팩
096630,00573269,에스코넥
069510,00306719,에스텍
041910,00463342,에스텍파마
234300,01014055,에스트래픽
039440,00298340,에스티아이
098660,00612188,에스티오
052020,00273110,에스티큐브
237690,00871833,에스티팜
050760,00340272,에스폴리텍
288620,01257872,에스퓨얼셀
317830,00624749,에스피시스템스
058610,00220686,에스피지
043340,00203209,에쎈테크
187660,01409022,에이디엠코리아
054630,00356927,에이디칩스
200710,00657002,에이디테크놀로지
096690,00608839,에이루트
298380,01256864,에이비엘바이오
203400,00977377,에이비온
195990,00620558,에이비프로바이오
003800,00140052,에이스침대
088800,00556907,에이스테크
241840,00975290,에이스토리
312610,01223219,에이에프더블류
297890,00523936,HB솔루션
078150,00255275,HB테크놀러지
072990,00527464,에이치시티
036640,00230911,HRS
227100,01207761,에이치앤비디자인
028300,00199252,HLB
067630,00365590,HLB생명과학
047920,00336817,HLB제약
115450,00552859,HLB테라퓨틱스
239610,01011438,에이치엘사이언스
353070,01447217,에이치엠씨제4호스팩
353060,01447244,에이치엠씨제5호스팩
148930,00885906,에이치와이티씨
044780,00235183,에이치케이
195940,01012066,HK이노엔
403870,01288827,HPSP
357230,01068737,에이치피오
071670,00384887,에이테크솔루션
045660,00256502,에이텍
224110,01099861,에이텍티앤
230980,01110076,에이트원
021080,00161462,에이티넘인베스트
089530,00458562,에이티세미콘
200470,00667425,에이팩트
262260,00604268,에이프로
109960,00653194,에이프로젠 H&G
397030,01375822,에이프릴바이오
265520,01203808,AP시스템
054620,00296078,APS홀딩스
211270,00874803,AP위성
089970,00544577,에이피티씨
230240,01108442,에치에프알
230360,01029394,에코마케팅
038870,00287812,에코바이오
128540,00870481,에코캡
086520,00536541,에코프로
247540,01160363,에코프로비엠
383310,01566248,에코프로에이치엔
038110,00139153,에코플라스틱
073540,00442561,에프알텍
064850,00331016,에프앤가이드
064090,00390408,에프앤리퍼블릭
214270,01061497,FSN
036810,00223434,에프에스티
173940,00925295,에프엔씨엔터
083500,00476036,에프엔에스테크
054940,00360577,엑사이엔씨
043090,00351454,엑서지21
950130,00956028,엑세스바이오
205100,01042085,엑셈
070300,00683007,엑스큐어
092870,00611736,엑시콘
317870,00964595,엔바이오니아
067570,00146436,엔브이에이치코리아
236810,01051065,엔비티
333620,01310773,엔시스
101400,00641393,엔시트론
031860,00180865,엔에스엔
391060,01573974,엔에이치스팩20호
396770,01576713,엔에이치스팩22호
422040,01619513,엔에이치스팩23호
437780,01674538,엔에이치스팩24호
438580,01674468,엔에이치스팩25호
439410,01675254,엔에이치스팩26호
440820,01677429,엔에이치스팩27호
104200,00645089,NHN벅스
060250,00357740,NHN한국사이버결제
265740,01217829,엔에프씨
053290,00363927,NE능률
354200,01397903,엔젠바이오
419080,01587056,엔젯
208860,01084364,엔지스테크널러지
183490,00606886,엔지켐생명과학
182400,00977650,엔케이맥스
348370,01011526,엔켐
069410,00415707,엔텔스
227950,01105621,엔투텍
291230,01276901,엔피
198080,00876643,엔피디
048830,00108490,엔피케이
096870,00540571,엘디티
376190,00527011,엘비루셈
061970,00412348,엘비세미콘
138690,00670085,엘아이에스
290650,01181515,엘앤씨바이오
066970,00398701,엘앤에프
156100,00918222,엘앤케이바이오
073110,00494218,엘엠에스
083310,00484682,엘오티베큠
037950,00242712,엘컴텍
170920,00866062,엘티씨
058630,00397058,엠게임
058970,00396925,엠로
019590,00136642,엠벤처투자
179290,00531829,엠아이텍
009780,00121154,엠에스씨
123040,00259545,엠에스오토텍
323230,01384477,엠에프엠코리아
033160,00121686,엠케이전자
347890,00670766,엠투아이
033310,00143226,엠투엔
259630,00833064,엠플러스
065150,00390860,엠피대산
050540,00302078,엠피씨플러스
115960,00372253,연우
060850,00532129,영림원소프트랩
007530,00140858,영신금속
143540,00569646,영우디에스피
112290,00619507,영창케미칼
036560,00141389,영풍정밀
265560,00659976,영화테크
036000,00259934,예림당
250930,01166109,예선테크
053280,00362858,예스24
122640,00530556,예스티
900300,01169434,오가닉티코스메틱
045060,00220969,오공
080520,00529815,오디텍
039830,00141556,오로라
322310,01016479,오로스테크놀로지
046120,00297989,오르비텍
014940,00141608,오리엔탈정공
065500,00300405,오리엔트정공
010470,00141671,오리콤
352910,00494546,오비고
053980,00226547,오상자이엘
052420,00350048,오성첨단소재
241790,01113754,오션브릿지
039200,00263654,오스코텍
031510,00175173,오스템
048260,00341916,오스템임플란트
368970,01491607,오에스피
138080,00571483,오이솔루션
080580,00543107,오킨스전자
067170,00397289,오텍
353590,01084294,오토앤
173130,00867849,오파스넷
049480,00335076,오픈베이스
394280,01571107,오픈엣지테크놀로지
309930,01335453,오하임아이엔티
244460,01070149,올리패스
226950,01222663,올릭스
057540,00265005,옴니시스템
131030,00831428,옵투스제약
082210,00327396,옵트론텍
109080,00660291,옵티시스
153710,00971726,옵티팜
051390,00296263,YW
321820,01116502,와이더플래닛
057030,00307222,YBM넷
122990,00759294,와이솔
232140,01109539,와이아이케이
065530,00250137,와이어블
067900,00190756,와이엔텍
155650,00870861,와이엠씨
273640,01215618,와이엠텍
251370,00602172,와이엠티
066430,00370200,와이오엠
193250,01035678,와이제이엠게임즈
273060,01236532,와이즈버즈
019210,00139719,와이지-원
122870,00613318,와이지엔터테인먼트
040300,00200275,YTN
332570,01015160,와이팜
079000,00455875,와토스코리아
032820,01640300,우리기술
041190,00231664,우리기술투자
115440,00664048,우리넷
046970,00296005,우리로
082850,00369107,우리바이오
215360,01077577,우리산업
072470,00359623,우리산업홀딩스
073560,00413417,우리손에프앤지
037400,00155692,우리엔터프라이즈
153490,00815095,우리이앤엘
101170,00567222,우림피티에스
066590,00301422,우수AMS
103840,00486875,우양
046940,00363246,우원개발
215380,01065013,우정바이오
065680,00390903,우주일렉트로
018620,00103547,우진비앤지
307280,01326224,원바이오젠
053080,00304076,원방테크
032940,00210980,원익
104830,00623661,원익머트리얼즈
240810,01135941,원익IPS
014190,00128175,원익큐브
074600,00468374,원익QnC
217820,00785475,원익피앤이
030530,00216647,원익홀딩스
012620,00143907,원일특강
382840,01459212,원준
336570,00311270,원텍
376980,01441611,원티드랩
008370,00144012,원풍
008290,00144021,원풍물산
101160,00580065,월덱스
336060,01473179,웨이버스
095270,00526696,웨이브일렉트로
065950,00362159,웰크론
076080,00487546,웰크론한텍
196700,00864338,웹스
069080,00405320,웹젠
053580,00323868,웹케시
071460,00300557,위니아
377460,01175499,위니아에이드
044340,00293886,위닉스
330350,00765851,위더스제약
348350,00925587,위드텍
112040,00444329,위메이드
101730,00643656,위메이드맥스
123420,00815767,위메이드플레이
065370,00374738,위세아이텍
038620,00264228,위즈코프
299900,01276327,위지윅스튜디오
036090,00258360,위지트
136540,00868705,윈스
320000,01359815,윈텍
097800,00536286,윈팩
192390,00910840,윈하이텍
313760,00863038,윌링스
335870,01405585,윙스풋
900340,01328639,윙입푸드
064510,00127699,유네코
036200,00260569,유니셈
018000,00144243,유니슨
203450,00408266,유니온커뮤니티
011320,00147152,유니크
086390,00540447,유니테스트
241690,00531865,유니테크노
142210,00879020,유니트론텍
048430,00201742,유라테크
206650,00927558,유바이오로직스
089850,00592653,유비벨록스
084440,00531078,유비온
032620,00220057,유비케어
264450,01203376,유비쿼스
078070,00411385,유비쿼스홀딩스
024800,00173999,유성티엔에스
054930,00144650,유신
038340,00215976,UCI
069330,00400121,유아이디
049520,00256380,유아이엘
435380,01670675,유안타제10호스팩
367480,01504910,유안타제8호스팩
430700,01663639,유안타제9호스팩
263770,01196313,유에스티
388720,01152586,유일로보틱스
340930,01368637,유일에너테크
023410,01495986,유진기업
373340,01514519,유진스팩6호
388800,01569838,유진스팩7호
413630,01601222,유진스팩8호
442130,01678835,유진스팩9호
056080,00234227,유진로봇
084370,00531014,유진테크
178780,00923826,유테크
179900,00961774,유티아이
263050,01110678,유틸렉스
191410,00843900,육일씨엔에쓰
372170,00925374,윤성에프앤씨
072770,00583026,율호
039020,00184889,이건홀딩스
067920,00364847,이글루
044960,00145473,이글벳
303530,01264872,이노뎁
296640,01341630,이노룰스
302430,01258710,이노메트리
056090,00346610,이노시스
073490,00462121,이노와이어리스
215790,01065679,이노인스트루먼트
246960,01110182,이노테라피
088390,00494476,이녹스
272290,01237540,이녹스첨단소재
053350,00353610,이니텍
041520,00137289,이라이콤
264850,01199189,이랜시스
054210,00206659,이랜텍
164060,01142400,이루다
065440,00390514,이루온
115610,00694942,이미지스
349720,01436336,이베스트스팩5호
078020,00330424,이베스트투자증권
084180,00243979,EV수성
131400,00533924,이브이첨단소재
351330,01135640,이삭엔지니어링
080010,00454399,이상네트웍스
086890,00526872,이수앱지스
047560,00273420,이스트소프트
900110,00799070,이스트아시아홀딩스
067010,00400060,이씨에스
101360,00619640,이엔드디
102710,00530185,이엔에프테크놀로지
066980,00389998,이엔코퍼레이션
063760,00374020,이엘피
123570,00616290,이엠넷
083470,00475718,이엠앤아이
095190,00526951,이엠코리아
091120,00541163,이엠텍
039030,00246417,이오테크닉스
294090,01274310,이오플로우
245620,01182550,EDGC
088290,00409140,이원컴포텍
181340,00861720,이즈미디어
037370,00261054,EG
353810,01480568,이지바이오
099750,00490090,이지케어텍
377330,01140837,이지트로닉스
035810,00242378,이지홀딩스
160600,00818472,이큐셀
092130,00634728,이크레더블
096040,00480756,이트론
134060,00788737,이퓨쳐
001840,00145668,이화공영
024810,00145738,이화전기
041830,00269922,인바디
352940,00367871,인바이오
079950,00409371,인베니아
389470,01516456,인벤티지랩
277410,01243161,인산가
060150,00375931,인선이엔티
033230,00229021,인성정보
037330,00265421,인지디스플레
100030,00641171,인지소프트
211050,01013694,인카금융서비스
083640,00475976,인콘
216050,00819073,인크로스
049070,00226866,인탑스
119610,00604426,인터로조
017250,00145914,인터엠
051370,00369170,인터플렉스
064290,00479787,인텍플러스
189300,00664181,인텔리안테크
150840,00661157,인트로메딕
048530,00292434,인트론바이오
175140,00861997,인포마크
115310,00491415,인포바인
039290,00243757,인포뱅크
071200,00435969,인피니트헬스케어
101930,00482426,인화정공
333430,00879242,일승
068330,00385415,일신바이오
058450,00146427,일야
019540,00146560,일지테크
094820,00485177,일진파워
950140,01165739,잉글우드랩
049550,00261656,잉크테크
254120,01174038,자비스
043910,00418379,자연과환경
234920,01020524,자이글
289220,01264438,자이언트스텝
174880,00659684,장원테크
049630,00147082,재영솔루텍
417840,01383229,저스템
110020,00632793,전진바이오팜
208140,01047415,정다운
040420,00287788,정상제이엘에스
045510,00147772,정원엔시스
217190,00666204,제너셈
095700,00545929,제넥신
072520,00408956,제넨바이오
122310,00799539,제노레이
361390,01014718,제노코
225220,01062177,제놀루션
123330,00624998,제닉
159580,00563837,제로투세븐
147830,00899556,제룡산업
033100,00185356,제룡전기
079370,00442570,제우스
067290,00110431,JW신약
054950,00361381,제이브이엠
023440,00148531,제이스코홀딩스
090470,00493185,제이스텍
287410,01267602,제이시스메디칼
137950,00664853,제이씨케미칼
033320,00223513,제이씨현시스템
417500,01367586,제이아이테크
204270,00447575,제이앤티씨
026040,00120289,제이에스티나
126880,00442154,제이엔케이히터
322510,01153293,제이엘케이
033050,00222435,제이엠아이
094970,00533508,제이엠티
035900,00258689,JYP Ent.
058420,00359474,제이웨이
089790,00867113,제이티
950170,01041828,JTC
052670,00185505,제일바이오
199820,00148470,제일전기공업
038010,00148595,제일테크노스
276730,01230255,제주맥주
080220,00447487,제주반도체
216080,01222867,제테마
229000,01051472,젠큐릭스
082270,00492894,젬백스
064800,00392691,젬백스링크
044060,00291860,조광ILI
034940,00231831,조아제약
067000,00397252,조이시티
033340,00205003,좋은사람들
036930,00252135,주성엔지니어링
357580,01012987,아모센스
226400,01082348,오스테오닉
187420,00983916,제노포커스
239340,01128622,줌인터넷
051980,00347716,중앙디앤엠
072020,00415327,중앙백신
000440,00149770,중앙에너비스
078650,00477257,지나인제약
228760,01108248,지노믹트리
314130,01276026,지놈앤컴퍼니
389030,01494154,지니너스
043610,00223762,지니뮤직
263860,00962223,지니언스
303030,01318933,지니틱스
036180,00257149,지더블유바이텍
208350,01047169,지란지교시큐리티
144510,01010642,지씨셀
382480,01311310,지아이텍
382800,00958327,지앤비에스엔지니어링
051160,00389110,지어소프트
053050,00351995,지에스이
130500,00491938,GH신소재
119850,00626464,지엔씨에너지
270520,01228515,지엔원에너지
065060,00258102,지엔코
204840,01042359,지엘팜텍
311320,00668965,지오엘리먼트
388050,01462605,지투파워
219750,01031229,지티지웰니스
018120,00170877,진로발효
109820,00552992,진매트릭스
086060,00491053,진바이오텍
036890,00174208,진성티이씨
363250,01437858,진시스템
007370,00150536,진양제약
085660,00525679,차바이오텍
261780,01141599,차백신연구소
900250,01107665,크리스탈신소재
094850,00606770,참좋은여행
004650,00123523,창해에탄올
278280,00897752,천보
362320,01534577,청담글로벌
066360,00216434,체리부로
047820,00299464,초록뱀미디어
131100,00814786,초록뱀이앤엠
052300,00349811,초록뱀컴퍼니
094360,00579971,칩스앤미디어
016790,00164618,카나리아바이오
016920,00152260,카스
284620,01263527,카이노스메드
293490,01137383,카카오게임즈
042000,00260879,카페24
317530,01267222,캐리소프트
071850,00302582,캐스텍코리아
050110,00330044,캠시스
119860,00585608,커넥트웨이브
223310,01075126,커머스마이너
900310,01236286,컬러레이
078340,00476498,컴투스
063080,00535746,컴투스홀딩스
307930,00598198,컴퍼니케이
079190,00479705,케스피온
263700,01187148,케어랩스
214370,00549891,케어젠
221980,00370918,케이디켐
900280,01168143,골든센츄리
024840,00158024,KBI메탈
342550,01418543,케이비제20호스팩
424140,01621280,케이비제21호스팩
436530,01672053,케이비제22호스팩
440200,01676989,케이비제23호스팩
318000,00876166,KBG
192250,01003040,케이사인
021320,00105466,KCC건설
036670,00265041,KCI
115500,00441650,케이씨에스
089150,00441447,케이씨티
025880,00101752,케이씨피드
093320,00603348,케이아이엔엑스
073010,00328191,케이에스피
226360,01097906,KH 건설
060720,00378628,KH바텍
111870,00125965,KH 전자
122450,00657987,KX
052900,00276834,KX하이텍
105330,00606664,케이엔더블유
058400,00208134,KNN
272110,00769158,케이엔제이
039420,00246620,케이엘넷
083550,00242934,케이엠
032500,00226352,케이엠더블유
225430,01095704,케이엠제약
102370,00668600,케이옥션
046440,00405278,KG모빌리언스
035600,00264547,KG이니시스
151860,00366137,KG ETS
060370,00225742,KT서브마린
036030,00260958,케이티알파
064820,00152437,케이프
256940,01037214,케이피에스
024880,00157636,케이피에프
114450,00532059,KPX생명과학
042040,00206686,케이피엠테크
054410,00357607,케이피티유
258610,00961507,케일럼
274090,01158553,켄코아에어로스페이스
089010,00371485,켐트로닉스
220260,01089350,켐트로스
052400,00349732,코나아이
402030,00601988,코난테크놀로지
391710,01573284,코닉오토메이션
046070,00295857,코다코
047770,00329093,코데즈컴바인
078940,00501970,코드네이처
080530,00308559,코디
104540,00541437,코렌텍
027050,00152589,코리아나
190650,00304915,코리아에셋투자증권
123410,00803425,코리아에프티
036690,00268118,코맥스
049430,00152783,코메론
183300,00997812,코미코
041960,00187415,코미팜
089890,00365934,코세스
009730,00116426,코센
082660,00442455,코스나인
222040,00656289,코스맥스엔비티
241710,00763473,코스메카코리아
069110,00402989,코스온
166480,00989664,코아스템켐온
045970,00271501,코아시아
196450,01031502,코아시아옵틱스
029960,00197476,코엔텍
102940,00525642,코오롱생명과학
950160,01245062,코오롱티슈진
056000,00361266,코원플레이
033290,00155948,코웰패션
056360,00360674,코위버
282880,01211232,코윈테크
121850,00807397,코이즈
015710,00187725,코콤
052330,01614679,코텍
322780,01364297,코퍼스코리아
126600,00599595,코프라
200130,01032404,콜마비앤에이치
294570,01311055,쿠콘
317690,01311286,퀀타매트릭스
365270,01397772,큐라클
060280,00356802,큐렉소
040350,00346407,큐로컴
051780,00296324,큐로홀딩스
115180,01042650,큐리언트
182360,00985686,큐브엔터
405100,01033591,큐알티
066310,00411446,큐에스아이
016600,00267942,큐캐피탈
096240,00525882,크레버스
043590,00260611,크로바하이텍
114120,00618401,크루셜텍
110790,00522007,크리스에프앤씨
083790,00407814,크리스탈지노믹스
045520,00185222,크린앤사이언스
036170,00232821,클라우드에어
214150,01061327,클래시스
352770,01201970,클리노믹스
237880,00957735,클리오
139670,00535375,키네마스터
413600,01616808,키움제6호스팩
433530,01667592,키움제7호스팩
054780,00353762,키이스트
219130,00617314,타이거일렉
360070,01360875,탑머티리얼
065130,00366845,탑엔지니어링
134580,00608699,탑코미디어
023160,00153375,태광
323280,01366000,태성
053620,00186717,태양
044490,01697593,태웅
124560,00562245,태웅로직스
191420,00926522,테고사이언스
073640,00373021,테라사이언스
066700,00249894,테라젠이텍스
095610,00524421,테스
064520,00370255,테크엘
089030,00535676,테크윙
054450,00423177,텔레칩스
091440,00560122,텔레필드
200230,00608802,텔콘RF제약
215480,01064069,토박스코리아
051360,00390365,토비스
045340,00355089,토탈소프트
108230,00531917,톱텍
079970,00596260,투비소프트
199800,00547510,툴젠
105550,00766106,트루윈
290090,01217014,트윔
026150,00186939,특수건설
322180,01309388,티라유텍
117730,00867098,티로보틱스
033830,00204642,티비씨
057680,00372688,티사이언티픽
204610,00609661,티쓰리
064760,00245472,티씨케이
246710,01109937,티앤알바이오팹
340570,00608440,티앤엘
043220,00317487,티에스넥스젠
277880,01139035,티에스아이
131290,00372226,티에스이
246690,00778235,TS인베스트먼트
317240,01353024,TS트릴리온
425420,01035368,티에프이
356860,00920379,티엘비
062860,00261887,티엘아이
321550,01335930,티움바이오
032540,00201733,TJ미디어
022220,00140061,TKG애강
104480,00693554,티케이케미칼
081150,00497631,티플랙스
130740,00578538,티피씨글로벌
048770,00108649,TPC
084730,00438036,팅크웨어
046210,00172079,파나진
058530,00353018,파나케이아
034230,01693445,파라다이스
033540,00105138,파라텍
043200,00266934,파루
214450,00970453,파마리서치
208340,00972293,파멥신
177830,00429694,파버나인
037070,00238153,파세코
150900,00638487,파수
037030,00231354,파워넷
047310,00269612,파워로직스
368770,01513440,파이버프로
170790,00492353,파이오링크
049120,00350020,파인디앤씨
038950,00264732,파인디지털
441270,01686755,파인엠텍
106240,00755739,파인테크닉스
131760,01304727,파인텍
065690,00384762,파커스
140860,00244747,파크시스템스
091700,00490151,파트론
032800,00231691,판타지오
318010,00986898,팜스빌
027710,00192499,팜스토리
225590,01101041,패션플랫폼
054300,00339072,팬스타엔터프라이즈
068050,00397191,팬엔터테인먼트
222110,00962922,팬젠
263750,01152470,펄어비스
251970,00761059,펌텍코리아
168360,00957373,펨트론
087010,00415868,펩트론
119500,00188797,포메탈
389140,01513699,포바이포
022100,00155212,포스코 ICT
189690,00939942,포시에스
318020,00962393,포인트모바일
256630,01179608,포인트엔지니어링
331380,01393721,포커스에이치엔에스
234100,00617998,폴라리스세원
041020,00269852,폴라리스오피스
114630,00663669,폴라리스우노
290720,01259311,푸드나무
005670,00165103,푸드웰
094940,00537832,푸른기술
007330,00124805,푸른저축은행
093380,00155373,풍강
023900,00155452,풍국주정
371950,00417167,풍원정밀
370090,01357446,퓨런티어
220100,01053540,퓨쳐켐
035200,00356389,프럼파스트
334970,01258428,프레스티지바이오로직스
203690,01036367,프로스테믹스
321260,01359736,프로이천
053610,00325112,프로텍
377220,01217865,프롬바이오
335810,01137295,프리시젼바이오
053160,00352064,프리엠스
405000,01575839,플라즈맵
041590,00297448,플래스크
367000,01454341,플래티어
075130,00490179,플랜티넷
237820,00862853,플레이디
023770,00138367,플레이위드
300080,01237434,플리토
032580,00189538,피델릭스
051380,00297934,피씨디렉트
241820,01051092,피씨엘
237750,00525864,피앤씨테크
024850,00155586,피에스엠씨
319660,01637740,피에스케이
031980,00208444,피에스케이홀딩스
002230,00155638,피에스텍
057880,00410739,피에이치씨
043370,00155151,피에이치에이
239890,01112889,피엔에이치테크
347740,01290381,피엔케이피부임상연구센타
137400,00612294,피엔티
024940,00133557,PN풍년
128660,00829380,피제이메탈
006140,00155735,피제이전자
376180,00604028,피코그램
304840,01118281,피플바이오
062970,00403766,피피아이
087600,00495086,픽셀플러스
291810,01524507,핀텔
161580,00938721,필옵틱스
347770,01405390,핌스
163730,01142075,핑거
417180,01584934,핑거스토리
341160,01416457,하나금융15호스팩
343510,01419384,하나금융16호스팩
388220,01568875,하나금융19호스팩
400560,01583397,하나금융20호스팩
406760,01593242,하나금융21호스팩
418170,01613281,하나금융22호스팩
427950,01652970,하나금융23호스팩
430230,01658266,하나금융24호스팩
435620,01669475,하나금융25호스팩
299030,00601191,하나기술
067310,00445054,하나마이크론
372290,01513404,하나머스트7호스팩
166090,00660750,하나머티리얼즈
136480,00857727,하림
003380,00148364,하림지주
101670,00527491,하이드로리튬
365590,01505186,하이딥
149980,00977641,하이로닉
013030,00165060,하이록코리아
126700,00825959,하이비젼시스템
106080,00542898,하이소닉
377400,01526949,하이제6호스팩
400840,01586172,하이제7호스팩
221840,00688358,하이즈항공
106190,00409964,하이텍팜
373200,01514698,하인크코리아
066130,00221728,하츠
004590,00156442,한국가구
039340,00263371,한국경제TV
034950,00156956,한국기업평가
222980,00579139,한국맥널티
256840,01179617,한국비엔씨
025550,00158015,한국선재
017890,00158565,한국알콜
080720,00532855,한국유니온제약
063570,00363769,한국전자금융
041460,00361169,한국전자인증
101680,00257732,한국정밀기계
039740,00261957,한국정보공학
053300,00306454,한국정보인증
025770,00159342,한국정보통신
409570,01596665,한국제10호스팩
436610,01672114,한국제11호스팩
023760,00149594,한국캐피탈
054040,00303396,한국컴퓨터
021650,00160010,한국큐빅
053590,00355548,한국테크놀로지
032300,00187770,한국파마
037230,00198192,한국팩키지
030520,00204262,한글과컴퓨터
052600,00244783,한네트
256150,01069736,한독크린텍
092460,00528515,한라IMS
047080,00348292,한빛소프트
114810,00625942,한솔아이원스
070590,00470829,한솔인티큐브
226440,01101722,한송네오텍
042520,00349060,한스바이오메드
078350,00488989,한양디지텍
045100,00216762,한양이엔지
024740,00162832,한일단조
005860,00162911,한일사료
123840,00809429,한일진공
007770,00267979,한일화학
079170,00202839,한창산업
054920,00363592,한컴위드
002680,00140566,한탑
386580,01572489,한화플러스제2호스팩
430460,01663055,한화플러스제3호스팩
034810,00219361,해성산업
076610,00483735,해성옵틱스
059270,00453442,해성티피씨
220180,00793155,핸디소프트
900270,01160512,헝셩그룹
214180,01013311,헥토이노베이션
234340,00763701,헥토파이낸셜
084990,00359395,헬릭스미스
170030,00164502,현대공업
319400,01358463,현대무벡스
052260,00347062,현대바이오랜드
048410,00313649,현대바이오
041440,00228536,현대에버다임
039010,00255044,현대에이치티
090850,00656951,현대이지웰
092300,00367455,현우산업
138360,00808068,협진
011080,00142713,형지I&C
060560,00288495,홈센타홀딩스
064240,00385336,홈캐스트
039610,00217743,화성밸브
126640,00825223,화신정공
061250,00188973,화일약품
097870,00367385,효성오앤비
290270,01251577,휴네시온
353190,01453670,휴럼
192410,00623184,휴림네트웍스
090710,00540429,휴림로봇
205470,01042979,휴마시스
115160,00787057,휴맥스
028080,00219440,휴맥스홀딩스
032860,00205687,휴먼엔
200670,00614478,휴메딕스
065510,00398668,휴비츠
215090,01063884,휴센텍
263920,01185566,휴엠앤씨
243070,01159853,휴온스
084110,00228059,휴온스글로벌
145020,00888347,휴젤
024060,00167004,흥구석유
010240,00167031,흥국
189980,00916516,흥국에프엔비
037440,00236863,희림
238490,00556712,힘스
